,Curves,eqTemp,eqTime,Species,Trial,OTM,Fit,Incl_eqTime,LizardTemp,LizardTime,DevT,Abs_DevT
2,SO_T1_ABS,19.16248369,72,SO,T1,ABS,y,n,17.74882672,113,-1.41365697,1.41365697
3,SO_T1_PLA,19.05668483,61,SO,T1,PLA,y,n,17.74882672,113,-1.30785811,1.30785811
4,SO_T1_CopperPLA,19.56375673,1,SO,T1,CopperPLA,y,n,17.74882672,113,-1.81493001,1.81493001
5,SO_T1_CopperPipe,18.85331279,55,SO,T1,CopperPipe,y,y,17.74882672,113,-1.10448607,1.10448607
7,SO_T4_ABS,32.38596351,144,SO,T4,ABS,y,y,33.01362436,156,0.62766085,0.62766085
8,SO_T4_PLA,29.14774973,122,SO,T4,PLA,y,y,33.01362436,156,3.86587463,3.86587463
9,SO_T4_CopperPLA,30.47211099,110,SO,T4,CopperPLA,y,y,33.01362436,156,2.54151337,2.54151337
10,SO_T4_CopperPipe,27.9118686,147,SO,T4,CopperPipe,y,y,33.01362436,156,5.10175576,5.10175576
12,SO_T5_ABS,37.58325682,62,SO,T5,ABS,y,y,34.2377629,182,-3.34549392,3.34549392
13,SO_T5_PLA,37.34469806,53,SO,T5,PLA,y,y,34.2377629,182,-3.10693516,3.10693516
14,SO_T5_CopperPLA,39.83377634,71,SO,T5,CopperPLA,y,y,34.2377629,182,-5.59601344,5.59601344
15,SO_T5_CopperPipe,37.28915104,147,SO,T5,CopperPipe,y,y,34.2377629,182,-3.05138814,3.05138814
17,SO_T6_ABS,20.74504105,85,SO,T6,ABS,y,y,21.86836266,134,1.12332161,1.12332161
18,SO_T6_PLA,20.24163025,154,SO,T6,PLA,y,y,21.86836266,134,1.62673241,1.62673241
19,SO_T6_CopperPLA,21.00478106,71,SO,T6,CopperPLA,y,y,21.86836266,134,0.8635816,0.8635816
20,SO_T6_CopperPipe,20.15979932,80,SO,T6,CopperPipe,y,y,21.86836266,134,1.70856334,1.70856334
22,SO_T7_ABS,21.9996875,10,SO,T7,ABS,n,n,19.78770467,1,-2.21198283,2.21198283
23,SO_T7_PLA,21.58272712,12,SO,T7,PLA,n,n,19.78770467,1,-1.79502245,1.79502245
24,SO_T7_CopperPLA,21.33907917,20,SO,T7,CopperPLA,n,n,19.78770467,1,-1.5513745,1.5513745
25,SO_T7_CopperPipe,21.28703288,33,SO,T7,CopperPipe,n,n,19.78770467,1,-1.49932821,1.49932821
27,SO_T9_ABS,18.83416895,35,SO,T9,ABS,y,n,20.12705986,1,1.29289091,1.29289091
28,SO_T9_PLA,19.00489076,41,SO,T9,PLA,y,n,20.12705986,1,1.1221691,1.1221691
29,SO_T9_CopperPLA,18.7781222,38,SO,T9,CopperPLA,y,n,20.12705986,1,1.34893766,1.34893766
30,SO_T9_CopperPipe,19.41109553,57,SO,T9,CopperPipe,y,n,20.12705986,1,0.71596433,0.71596433
32,SO_T10_ABS,32.26386271,29,SO,T10,ABS,y,y,31.5934556,134,-0.67040711,0.67040711
33,SO_T10_PLA,31.67765703,65,SO,T10,PLA,y,y,31.5934556,134,-0.08420143,0.08420143
34,SO_T10_CopperPLA,32.48652901,71,SO,T10,CopperPLA,y,y,31.5934556,134,-0.89307341,0.89307341
35,SO_T10_CopperPipe,29.67661068,57,SO,T10,CopperPipe,y,y,31.5934556,134,1.91684492,1.91684492
37,SO_T11_ABS,37.63538368,47,SO,T11,ABS,y,y,35.08985896,158,-2.54552472,2.54552472
38,SO_T11_PLA,32.33271866,35,SO,T11,PLA,y,y,35.08985896,158,2.7571403,2.7571403
39,SO_T11_CopperPLA,34.60180982,35,SO,T11,CopperPLA,y,y,35.08985896,158,0.48804914,0.48804914
40,SO_T11_CopperPipe,30.86790514,57,SO,T11,CopperPipe,y,y,35.08985896,158,4.22195382,4.22195382
42,SO_T12_ABS,34.90471584,46,SO,T12,ABS,y,y,31.10848628,102,-3.79622956,3.79622956
43,SO_T12_PLA,33.64582259,44,SO,T12,PLA,y,y,31.10848628,102,-2.53733631,2.53733631
44,SO_T12_CopperPLA,35.85741505,48,SO,T12,CopperPLA,y,y,31.10848628,102,-4.74892877,4.74892877
45,SO_T12_CopperPipe,36.28677673,62,SO,T12,CopperPipe,y,y,31.10848628,102,-5.17829045,5.17829045
47,SO_T13_ABS,40.15191202,66,SO,T13,ABS,y,y,37.62221331,86,-2.52969871,2.52969871
48,SO_T13_PLA,34.04242171,75,SO,T13,PLA,y,y,37.62221331,86,3.5797916,3.5797916
49,SO_T13_CopperPLA,35.87046374,77,SO,T13,CopperPLA,y,y,37.62221331,86,1.75174957,1.75174957
50,SO_T13_CopperPipe,37.57419641,113,SO,T13,CopperPipe,y,y,37.62221331,86,0.0480169,0.0480169
52,SO_T14_ABS,20.02285313,96,SO,T14,ABS,n,n,24.44999819,1,4.42714506,4.42714506
53,SO_T14_PLA,19.62130133,64,SO,T14,PLA,n,n,24.44999819,1,4.82869686,4.82869686
54,SO_T14_CopperPLA,19.40846117,47,SO,T14,CopperPLA,n,n,24.44999819,1,5.04153702,5.04153702
55,SO_T14_CopperPipe,19.31635269,169,SO,T14,CopperPipe,n,n,24.44999819,1,5.1336455,5.1336455
57,SO_T15_ABS,17.98973784,20,SO,T15,ABS,y,y,19.39296979,109,1.40323195,1.40323195
58,SO_T15_PLA,17.95193078,20,SO,T15,PLA,y,y,19.39296979,109,1.44103901,1.44103901
59,SO_T15_CopperPLA,18.00042599,18,SO,T15,CopperPLA,y,y,19.39296979,109,1.3925438,1.3925438
60,SO_T15_CopperPipe,20.20317197,29,SO,T15,CopperPipe,y,y,19.39296979,109,-0.81020218,0.81020218
62,SO_T16_ABS,33.61590929,73,SO,T16,ABS,y,y,32.11758172,161,-1.49832757,1.49832757
63,SO_T16_PLA,32.3872467,56,SO,T16,PLA,y,y,32.11758172,161,-0.26966498,0.26966498
64,SO_T16_CopperPLA,30.64754392,32,SO,T16,CopperPLA,y,y,32.11758172,161,1.4700378,1.4700378
65,SO_T16_CopperPipe,35.2116161,100,SO,T16,CopperPipe,y,y,32.11758172,161,-3.09403438,3.09403438
67,SO_T18_ABS,16.91794564,69,SO,T18,ABS,y,y,16.20282716,125,-0.71511848,0.71511848
68,SO_T18_PLA,17.57034559,62,SO,T18,PLA,y,y,16.20282716,125,-1.36751843,1.36751843
69,SO_T18_CopperPLA,18.90596735,36,SO,T18,CopperPLA,y,y,16.20282716,125,-2.70314019,2.70314019
70,SO_T18_CopperPipe,19.20255848,56,SO,T18,CopperPipe,y,y,16.20282716,125,-2.99973132,2.99973132
72,SO_T20_ABS,23.34888022,38,SO,T20,ABS,y,y,24.61270199,34,1.26382177,1.26382177
73,SO_T20_PLA,23.78943907,46,SO,T20,PLA,y,y,24.61270199,34,0.82326292,0.82326292
74,SO_T20_CopperPLA,23.47613127,31,SO,T20,CopperPLA,y,y,24.61270199,34,1.13657072,1.13657072
75,SO_T20_CopperPipe,24.10387835,59,SO,T20,CopperPipe,y,y,24.61270199,34,0.50882364,0.50882364
77,SO_T21_ABS,22.27386054,71,SO,T21,ABS,y,y,22.35096457,193,0.07710403,0.07710403
78,SO_T21_PLA,22.12192106,72,SO,T21,PLA,y,y,22.35096457,193,0.22904351,0.22904351
79,SO_T21_CopperPLA,22.04224609,62,SO,T21,CopperPLA,y,y,22.35096457,193,0.30871848,0.30871848
80,SO_T21_CopperPipe,22.20986025,137,SO,T21,CopperPipe,y,y,22.35096457,193,0.14110432,0.14110432
82,SO_T22_ABS,31.3988016,47,SO,T22,ABS,y,y,33.24779794,99,1.84899634,1.84899634
83,SO_T22_PLA,32.99254657,44,SO,T22,PLA,y,y,33.24779794,99,0.25525137,0.25525137
84,SO_T22_CopperPLA,31.0796117,56,SO,T22,CopperPLA,y,y,33.24779794,99,2.16818624,2.16818624
85,SO_T22_CopperPipe,32.92234531,77,SO,T22,CopperPipe,y,y,33.24779794,99,0.32545263,0.32545263
87,SO_T23_ABS,30.68871702,44,SO,T23,ABS,y,y,35.09529888,167,4.40658186,4.40658186
88,SO_T23_PLA,30.17973153,42,SO,T23,PLA,y,y,35.09529888,167,4.91556735,4.91556735
89,SO_T23_CopperPLA,29.4346771,36,SO,T23,CopperPLA,y,y,35.09529888,167,5.66062178,5.66062178
90,SO_T23_CopperPipe,37.67194554,109,SO,T23,CopperPipe,y,y,35.09529888,167,-2.57664666,2.57664666
92,SO_T24_ABS,33.50023295,85,SO,T24,ABS,y,y,36.59874383,258,3.09851088,3.09851088
93,SO_T24_PLA,NA,NA,SO,T24,PLA,y,y,36.59874383,258,,
94,SO_T24_CopperPLA,29.37511188,62,SO,T24,CopperPLA,y,y,36.59874383,258,7.22363195,7.22363195
95,SO_T24_CopperPipe,30.82182466,142,SO,T24,CopperPipe,y,y,36.59874383,258,5.77691917,5.77691917
97,SO_T25_ABS,36.83226088,59,SO,T25,ABS,y,y,35.42545432,110,-1.40680656,1.40680656
98,SO_T25_PLA,33.65107435,71,SO,T25,PLA,y,y,35.42545432,110,1.77437997,1.77437997
99,SO_T25_CopperPLA,32.73187877,51,SO,T25,CopperPLA,y,y,35.42545432,110,2.69357555,2.69357555
100,SO_T25_CopperPipe,32.02670313,99,SO,T25,CopperPipe,y,y,35.42545432,110,3.39875119,3.39875119
102,SO_T26_ABS,8.489663461,135,SO,T26,ABS,n,n,,,-8.489663461,8.489663461
103,SO_T26_PLA,8.980605597,107,SO,T26,PLA,n,n,,,-8.980605597,8.980605597
104,SO_T26_CopperPLA,7.354991603,125,SO,T26,CopperPLA,n,n,,,-7.354991603,7.354991603
105,SO_T26_CopperPipe,6.479718431,167,SO,T26,CopperPipe,n,n,,,-6.479718431,6.479718431
107,SO_T27_ABS,37.07746717,214,SO,T27,ABS,y,y,35.76086772,160,-1.31659945,1.31659945
108,SO_T27_PLA,37.47949835,112,SO,T27,PLA,y,y,35.76086772,160,-1.71863063,1.71863063
109,SO_T27_CopperPLA,34.06445969,56,SO,T27,CopperPLA,y,y,35.76086772,160,1.69640803,1.69640803
110,SO_T27_CopperPipe,35.98314361,190,SO,T27,CopperPipe,y,y,35.76086772,160,-0.22227589,0.22227589
112,PM_T1_CopperPLA,20.18529831,11,PM,T1,CopperPLA,y,y,20.51382925,28,0.32853094,0.32853094
113,PM_T1_PLA,19.80809186,8,PM,T1,PLA,y,y,20.51382925,28,0.70573739,0.70573739
114,PM_T1_ABS,19.86805022,7,PM,T1,ABS,y,y,20.51382925,28,0.64577903,0.64577903
116,PM_T2_CopperPLA,22.85752046,26,PM,T2,CopperPLA,y,y,23.24049931,67,0.38297885,0.38297885
117,PM_T2_PLA,21.76814518,10,PM,T2,PLA,y,y,23.24049931,67,1.47235413,1.47235413
118,PM_T2_ABS,21.70822362,9,PM,T2,ABS,y,y,23.24049931,67,1.53227569,1.53227569
120,PM_T3_CopperPLA,27.11072506,41,PM,T3,CopperPLA,y,y,26.34495692,76,-0.76576814,0.76576814
121,PM_T3_PLA,25.59425299,48,PM,T3,PLA,y,y,26.34495692,76,0.75070393,0.75070393
122,PM_T3_ABS,27.03844189,40,PM,T3,ABS,y,y,26.34495692,76,-0.69348497,0.69348497
124,PM_T4_CopperPLA,31.12693778,52,PM,T4,CopperPLA,y,y,29.63539135,94,-1.49154643,1.49154643
125,PM_T4_PLA,27.28281712,45,PM,T4,PLA,y,y,29.63539135,94,2.35257423,2.35257423
126,PM_T4_ABS,26.02073732,45,PM,T4,ABS,y,y,29.63539135,94,3.61465403,3.61465403
128,PM_T5_CopperPLA,30.95416652,40,PM,T5,CopperPLA,y,y,31.57192821,45,0.61776169,0.61776169
129,PM_T5_PLA,29.01356321,38,PM,T5,PLA,y,y,31.57192821,45,2.558365,2.558365
130,PM_T5_ABS,30.35298272,31,PM,T5,ABS,y,y,31.57192821,45,1.21894549,1.21894549
132,PM_T6_CopperPLA,39.18231634,115,PM,T6,CopperPLA,y,y,35.65498562,80,-3.52733072,3.52733072
133,PM_T6_PLA,35.1611077,80,PM,T6,PLA,y,y,35.65498562,80,0.49387792,0.49387792
134,PM_T6_ABS,37.75151782,114,PM,T6,ABS,y,y,35.65498562,80,-2.0965322,2.0965322
136,PM_T7_CopperPLA,23.54963774,14,PM,T7,CopperPLA,y,y,24.90535782,66,1.35572008,1.35572008
137,PM_T7_PLA,23.6573442,15,PM,T7,PLA,y,y,24.90535782,66,1.24801362,1.24801362
138,PM_T7_ABS,24.50727976,21,PM,T7,ABS,y,y,24.90535782,66,0.39807806,0.39807806
140,PM_T8_CopperPLA,24.00064209,21,PM,T8,CopperPLA,y,y,24.40558877,60,0.40494668,0.40494668
141,PM_T8_PLA,23.14930605,38,PM,T8,PLA,y,y,24.40558877,60,1.25628272,1.25628272
142,PM_T8_ABS,23.62071795,25,PM,T8,ABS,y,y,24.40558877,60,0.78487082,0.78487082
144,PM_T9_CopperPLA,23.4475056,24,PM,T9,CopperPLA,y,y,24.27673701,91,0.82923141,0.82923141
145,PM_T9_PLA,23.18391849,21,PM,T9,PLA,y,y,24.27673701,91,1.09281852,1.09281852
146,PM_T9_ABS,23.99507537,37,PM,T9,ABS,y,y,24.27673701,91,0.28166164,0.28166164
148,PM_T10_CopperPLA,24.29967466,18,PM,T10,CopperPLA,y,n,24.68682376,79,0.3871491,0.3871491
149,PM_T10_PLA,24.51635286,1,PM,T10,PLA,y,n,24.68682376,79,0.1704709,0.1704709
150,PM_T10_ABS,24.48619287,11,PM,T10,ABS,y,n,24.68682376,79,0.20063089,0.20063089
152,PM_T11_CopperPLA,33.02639699,46,PM,T11,CopperPLA,y,y,35.57643855,123,2.55004156,2.55004156
153,PM_T11_PLA,33.2920894,47,PM,T11,PLA,y,y,35.57643855,123,2.28434915,2.28434915
154,PM_T11_ABS,32.38153304,41,PM,T11,ABS,y,y,35.57643855,123,3.19490551,3.19490551
156,PM_T12_CopperPLA,34.73639688,26,PM,T12,CopperPLA,y,y,34.40193696,108,-0.33445992,0.33445992
157,PM_T12_PLA,34.09336526,42,PM,T12,PLA,y,y,34.40193696,108,0.3085717,0.3085717
158,PM_T12_ABS,34.47252143,38,PM,T12,ABS,y,y,34.40193696,108,-0.07058447,0.07058447
159,AS_T5_PLA,NA,NA,AS,T5,PLA,n,n,,,,
160,AS_T5_ABS,28.52499987,1,AS,T5,ABS,n,n,,,-28.52499987,28.52499987
161,AS_T5_CopperPLA,28.69872587,2,AS,T5,CopperPLA,n,n,,,-28.69872587,28.69872587
163,AS_T6_PLA,NA,NA,AS,T6,PLA,n,n,,,,
164,AS_T6_ABS,30.39954533,1,AS,T6,ABS,n,n,,,-30.39954533,30.39954533
165,AS_T6_CopperPLA,29.31765876,1,AS,T6,CopperPLA,n,n,,,-29.31765876,29.31765876
167,AS_T7_PLA,28.9051964,11,AS,T7,PLA,y,y,27.80337775,21,-1.10181865,1.10181865
168,AS_T7_ABS,28.93432092,10,AS,T7,ABS,y,y,27.80337775,21,-1.13094317,1.13094317
169,AS_T7_CopperPLA,29.03815264,8,AS,T7,CopperPLA,y,y,27.80337775,21,-1.23477489,1.23477489
171,AS_T8_PLA,27.93859498,11,AS,T8,PLA,y,y,27.50031857,54,-0.43827641,0.43827641
172,AS_T8_ABS,27.6605868,9,AS,T8,ABS,y,y,27.50031857,54,-0.16026823,0.16026823
173,AS_T8_CopperPLA,28.04726051,11,AS,T8,CopperPLA,y,y,27.50031857,54,-0.54694194,0.54694194
175,AS_T9_PLA,27.05707382,4,AS,T9,PLA,n,n,,,-27.05707382,27.05707382
176,AS_T9_ABS,26.86556435,7,AS,T9,ABS,n,n,,,-26.86556435,26.86556435
177,AS_T9_CopperPLA,26.91616502,3,AS,T9,CopperPLA,n,n,,,-26.91616502,26.91616502
179,AS_T10_PLA,26.83352855,17,AS,T10,PLA,y,y,26.35714994,32,-0.47637861,0.47637861
180,AS_T10_ABS,26.77182251,18,AS,T10,ABS,y,y,26.35714994,32,-0.41467257,0.41467257
181,AS_T10_CopperPLA,26.84286551,12,AS,T10,CopperPLA,y,y,26.35714994,32,-0.48571557,0.48571557
183,AS_T11_PLA,26.00562882,12,AS,T11,PLA,y,y,25.89184897,36,-0.11377985,0.11377985
184,AS_T11_ABS,25.88751752,17,AS,T11,ABS,y,y,25.89184897,36,0.00433145,0.00433145
185,AS_T11_CopperPLA,25.8962169,13,AS,T11,CopperPLA,y,y,25.89184897,36,-0.00436793,0.00436793
187,AS_T12_PLA,26.13448322,16,AS,T12,PLA,y,n,25.95676862,9,-0.1777146,0.1777146
188,AS_T12_ABS,26.23573868,15,AS,T12,ABS,y,n,25.95676862,9,-0.27897006,0.27897006
189,AS_T12_CopperPLA,26.39651184,13,AS,T12,CopperPLA,y,n,25.95676862,9,-0.43974322,0.43974322
191,AS_T13_PLA,26.02343974,20,AS,T13,PLA,y,y,25.99732448,39,-0.02611526,0.02611526
192,AS_T13_ABS,26.1728714,22,AS,T13,ABS,y,y,25.99732448,39,-0.17554692,0.17554692
193,AS_T13_CopperPLA,26.20867164,17,AS,T13,CopperPLA,y,y,25.99732448,39,-0.21134716,0.21134716
195,AS_T14_PLA,26.7644729,23,AS,T14,PLA,y,y,26.6595013,37,-0.1049716,0.1049716
196,AS_T14_ABS,26.79710131,22,AS,T14,ABS,y,y,26.6595013,37,-0.13760001,0.13760001
197,AS_T14_CopperPLA,26.95925406,20,AS,T14,CopperPLA,y,y,26.6595013,37,-0.29975276,0.29975276
199,AS_T15_PLA,26.92427118,14,AS,T15,PLA,y,y,26.85105252,35,-0.07321866,0.07321866
200,AS_T15_ABS,27.01963213,13,AS,T15,ABS,y,y,26.85105252,35,-0.16857961,0.16857961
201,AS_T15_CopperPLA,26.93585131,12,AS,T15,CopperPLA,y,y,26.85105252,35,-0.08479879,0.08479879
203,AS_T16_PLA,27.7222952,10,AS,T16,PLA,y,y,27.35224753,35,-0.37004767,0.37004767
204,AS_T16_ABS,27.6706501,9,AS,T16,ABS,y,y,27.35224753,35,-0.31840257,0.31840257
205,AS_T16_CopperPLA,27.71695365,9,AS,T16,CopperPLA,y,y,27.35224753,35,-0.36470612,0.36470612
207,AS_T17_PLA,27.13724795,4,AS,T17,PLA,y,n,27.32717405,9,0.1899261,0.1899261
208,AS_T17_ABS,27.32819986,3,AS,T17,ABS,y,n,27.32717405,9,-0.00102581,0.00102581
209,AS_T17_CopperPLA,27.33310016,4,AS,T17,CopperPLA,y,n,27.32717405,9,-0.00592611,0.00592611
211,AS_T18_PLA,26.99962327,26,AS,T18,PLA,y,y,26.5988566,51,-0.40076667,0.40076667
212,AS_T18_ABS,27.03955424,23,AS,T18,ABS,y,y,26.5988566,51,-0.44069764,0.44069764
213,AS_T18_CopperPLA,27.06522655,23,AS,T18,CopperPLA,y,y,26.5988566,51,-0.46636995,0.46636995
215,AS_T19_PLA,27.4013134,15,AS,T19,PLA,y,n,26.05009326,1,-1.35122014,1.35122014
216,AS_T19_ABS,27.01715161,27,AS,T19,ABS,y,n,26.05009326,1,-0.96705835,0.96705835
217,AS_T19_CopperPLA,27.6338391,46,AS,T19,CopperPLA,y,n,26.05009326,1,-1.58374584,1.58374584
219,AS_T20_PLA,28.06400266,23,AS,T20,PLA,y,y,28.00564552,82,-0.05835714,0.05835714
220,AS_T20_ABS,28.00312104,27,AS,T20,ABS,y,y,28.00564552,82,0.00252448,0.00252448
221,AS_T20_CopperPLA,28.28029606,31,AS,T20,CopperPLA,y,y,28.00564552,82,-0.27465054,0.27465054
223,AS_T21_PLA,28.65050931,13,AS,T21,PLA,y,y,28.16283839,35,-0.48767092,0.48767092
224,AS_T21_ABS,28.50573622,11,AS,T21,ABS,y,y,28.16283839,35,-0.34289783,0.34289783
225,AS_T21_CopperPLA,28.60819237,14,AS,T21,CopperPLA,y,y,28.16283839,35,-0.44535398,0.44535398
227,AS_T22_PLA,29.0275031,25,AS,T22,PLA,y,y,28.91008206,79,-0.11742104,0.11742104
228,AS_T22_ABS,28.99738821,30,AS,T22,ABS,y,y,28.91008206,79,-0.08730615,0.08730615
229,AS_T22_CopperPLA,28.93636986,30,AS,T22,CopperPLA,y,y,28.91008206,79,-0.0262878,0.0262878
231,AG_T1_PLA,NA,NA,AG,T1,PLA,n,n,,,,
232,AG_T1_ABS,NA,NA,AG,T1,ABS,n,n,,,,
233,AG_T1_CopperPLA,27.54805878,1,AG,T1,CopperPLA,n,n,,,-27.54805878,27.54805878
235,AG_T2_PLA,NA,NA,AG,T2,PLA,n,n,,,,
236,AG_T2_ABS,NA,NA,AG,T2,ABS,n,n,,,,
237,AG_T2_CopperPLA,NA,NA,AG,T2,CopperPLA,n,n,,,,
239,AG_T3_PLA,23.55099014,64,AG,T3,PLA,n,n,,,-23.55099014,23.55099014
241,AG_T3_CopperPLA,23.11737347,103,AG,T3,CopperPLA,n,n,,,-23.11737347,23.11737347
242,AG_T3_ABS,23.80510769,132,AG,T3,ABS,n,n,,,-23.80510769,23.80510769
243,AC_T4_ABS,29.67724139,1,AC,T4,ABS,n,n,,,-29.67724139,29.67724139
244,AC_T4_CopperPLA,29.4846864,3,AC,T4,CopperPLA,n,n,,,-29.4846864,29.4846864
245,AC_T4_PLA,29.45467659,6,AC,T4,PLA,n,n,,,-29.45467659,29.45467659
247,AC_T5_ABS,25.23249549,87,AC,T5,ABS,y,y,25.13855442,97,-0.09394107,0.09394107
248,AC_T5_CopperPLA,25.03807162,67,AC,T5,CopperPLA,y,y,25.13855442,97,0.1004828,0.1004828
249,AC_T5_PLA,25.07368091,48,AC,T5,PLA,y,y,25.13855442,97,0.06487351,0.06487351
252,AC_T7_ABS,NA,NA,AC,T7,ABS,n,n,,,,
253,AC_T7_CopperPLA,NA,NA,AC,T7,CopperPLA,n,n,,,,
254,AC_T7_PLA,NA,NA,AC,T7,PLA,n,n,,,,
256,AC_T8_ABS,NA,NA,AC,T8,ABS,n,n,,,,
257,AC_T8_CopperPLA,NA,NA,AC,T8,CopperPLA,n,n,,,,
258,AC_T8_PLA,NA,NA,AC,T8,PLA,n,n,,,,
260,AC_T9_CopperPLA,35.10839899,51,AC,T9,CopperPLA,n,n,,,-35.10839899,35.10839899
261,AC_T9_ABS,NA,NA,AC,T9,ABS,n,n,,,,
262,AC_T9_PLA,37.81782364,107,AC,T9,PLA,n,n,,,-37.81782364,37.81782364
264,AC_T10_CopperPLA,NA,NA,AC,T10,CopperPLA,n,n,,,,
265,AC_T10_ABS,NA,NA,AC,T10,ABS,n,n,,,,
266,AC_T10_PLA,NA,NA,AC,T10,PLA,n,n,,,,
267,AC_T12_PLA,25.42593776,65,AC,T12,PLA,n,n,,,-25.42593776,25.42593776
268,AC_T12_CopperPLA,NA,NA,AC,T12,CopperPLA,n,n,,,,
269,AC_T12_ABS,NA,NA,AC,T12,ABS,n,n,,,,
271,AC_T13_ABS,30.76254232,102,AC,T13,ABS,y,n,29.62115647,31,-1.14138585,1.14138585
272,AC_T13_CopperPLA,NA,NA,AC,T13,CopperPLA,y,n,29.62115647,31,,
273,AC_T13_PLA,28.7240779,92,AC,T13,PLA,y,n,29.62115647,31,0.89707857,0.89707857
276,AP_T14_CopperPLA,33.99951346,11,AP,T14,CopperPLA,n,n,,,-33.99951346,33.99951346
277,AP_T14_ABS,NA,NA,AP,T14,ABS,n,n,,,,
278,AP_T14_PLA,NA,NA,AP,T14,PLA,n,n,,,,
280,AP_T15_CopperPLA,33.34760207,5,AP,T15,CopperPLA,n,n,,,-33.34760207,33.34760207
281,AP_T15_ABS,NA,NA,AP,T15,ABS,n,n,,,,
282,AP_T15_PLA,NA,NA,AP,T15,PLA,n,n,,,,
284,AP_T17_Copper,30.1023758,9,AP,T17,CopperPLA,y,y,30.49835427,20,0.39597847,0.39597847
285,AP_T17_ABS,30.60077899,9,AP,T17,ABS,y,y,30.49835427,20,-0.10242472,0.10242472
286,AP_T17_PLA,29.97575772,4,AP,T17,PLA,y,y,30.49835427,20,0.52259655,0.52259655
288,AP_T18_CopperPLA,32.68198567,32,AP,T18,CopperPLA,y,y,32.70526329,54,0.02327762,0.02327762
289,AP_T18_ABS,33.007798,28,AP,T18,ABS,y,y,32.70526329,54,-0.30253471,0.30253471
290,AP_T18_PLA,32.80804228,34,AP,T18,PLA,y,y,32.70526329,54,-0.10277899,0.10277899
292,AP_T19_CopperPLA,34.0708953,18,AP,T19,CopperPLA,y,y,30.51729846,51,-3.55359684,3.55359684
293,AP_T19_ABS,33.74789579,19,AP,T19,ABS,y,y,30.51729846,51,-3.23059733,3.23059733
294,AP_T19_PLA,33.69646519,16,AP,T19,PLA,y,y,30.51729846,51,-3.17916673,3.17916673
296,AC_T20_CopperPLA,28.52011099,68,AC,T20,CopperPLA,y,y,28.29176696,128,-0.22834403,0.22834403
297,AC_T20_ABS,28.3906275,64,AC,T20,ABS,y,y,28.29176696,128,-0.09886054,0.09886054
298,AC_T20_PLA,28.18030681,71,AC,T20,PLA,y,y,28.29176696,128,0.11146015,0.11146015
300,AC_T21_CopperPLA,29.89612476,51,AC,T21,CopperPLA,y,y,30.07265452,110,0.17652976,0.17652976
301,AC_T21_ABS,31.70408759,79,AC,T21,ABS,y,y,30.07265452,110,-1.63143307,1.63143307
302,AC_T21_PLA,30.89803483,81,AC,T21,PLA,y,y,30.07265452,110,-0.82538031,0.82538031
304,AP_T22_CopperPLA,32.35062391,34,AP,T22,CopperPLA,y,y,32.28525194,65,-0.06537197,0.06537197
305,AP_T22_ABS,31.68151469,33,AP,T22,ABS,y,y,32.28525194,65,0.60373725,0.60373725
306,AP_T22_PLA,31.69050053,30,AP,T22,PLA,y,y,32.28525194,65,0.59475141,0.59475141
308,AP_T23_CopperPLA,33.09474812,38,AP,T23,CopperPLA,y,y,33.62702241,77,0.53227429,0.53227429
309,AP_T23_ABS,32.29439803,82,AP,T23,ABS,y,y,33.62702241,77,1.33262438,1.33262438
310,AP_T23_PLA,33.06083581,65,AP,T23,PLA,y,y,33.62702241,77,0.5661866,0.5661866
312,AP_T24_CopperPLA,34.3620506,38,AP,T24,CopperPLA,y,y,31.75804919,36,-2.60400141,2.60400141
313,AP_T24_ABS,33.57979585,40,AP,T24,ABS,y,y,31.75804919,36,-1.82174666,1.82174666
314,AP_T24_PLA,34.07912252,40,AP,T24,PLA,y,y,31.75804919,36,-2.32107333,2.32107333
316,AP_T26_CopperPLA,35.0124405,69,AP,T26,CopperPLA,y,y,32.9485767,51,-2.0638638,2.0638638
317,AP_T26_ABS,32.76460649,60,AP,T26,ABS,y,y,32.9485767,51,0.18397021,0.18397021
318,AP_T26_PLA,33.68372137,58,AP,T26,PLA,y,y,32.9485767,51,-0.73514467,0.73514467
320,AG_T27_CopperPLA,23.1723779,23,AG,T27,CopperPLA,y,y,22.90124674,82,-0.27113116,0.27113116
321,AG_T27_ABS,22.9465035,13,AG,T27,ABS,y,y,22.90124674,82,-0.04525676,0.04525676
322,AG_T27_PLA,23.01733855,13,AG,T27,PLA,y,y,22.90124674,82,-0.11609181,0.11609181
324,AG_T28_CopperPLA,22.59278547,23,AG,T28,CopperPLA,y,y,22.36617182,59,-0.22661365,0.22661365
325,AG_T28_ABS,22.60042784,16,AG,T28,ABS,y,y,22.36617182,59,-0.23425602,0.23425602
326,AG_T28_PLA,22.5748988,14,AG,T28,PLA,y,y,22.36617182,59,-0.20872698,0.20872698
328,AG_T29_CopperPLA,25.9723739,51,AG,T29,CopperPLA,y,y,28.21659266,186,2.24421876,2.24421876
329,AG_T29_ABS,25.7285896,29,AG,T29,ABS,y,y,28.21659266,186,2.48800306,2.48800306
330,AG_T29_PLA,26.18531538,30,AG,T29,PLA,y,y,28.21659266,186,2.03127728,2.03127728
332,AG_T30_CopperPLA,26.22647083,14,AG,T30,CopperPLA,y,y,26.47764451,84,0.25117368,0.25117368
333,AG_T30_ABS,25.63916639,10,AG,T30,ABS,y,y,26.47764451,84,0.83847812,0.83847812
334,AG_T30_PLA,25.63770059,12,AG,T30,PLA,y,y,26.47764451,84,0.83994392,0.83994392
336,AG_T31_CopperPLA,25.41208239,10,AG,T31,CopperPLA,y,y,25.77152902,61,0.35944663,0.35944663
337,AG_T31_ABS,26.42209526,6,AG,T31,ABS,y,y,25.77152902,61,-0.65056624,0.65056624
338,AG_T31_PLA,25.56246549,8,AG,T31,PLA,y,y,25.77152902,61,0.20906353,0.20906353
340,AG_T32_CopperPLA,25.00652972,10,AG,T32,CopperPLA,y,y,25.07686878,77,0.07033906,0.07033906
341,AG_T32_ABS,25.6777724,17,AG,T32,ABS,y,y,25.07686878,77,-0.60090362,0.60090362
342,AG_T32_PLA,24.62596582,5,AG,T32,PLA,y,y,25.07686878,77,0.45090296,0.45090296
344,AG_T33_CopperPLA,23.72827171,17,AG,T33,CopperPLA,y,y,23.65791362,36,-0.07035809,0.07035809
345,AG_T33_ABS,23.6110668,10,AG,T33,ABS,y,y,23.65791362,36,0.04684682,0.04684682
346,AG_T33_PLA,23.21414425,11,AG,T33,PLA,y,y,23.65791362,36,0.44376937,0.44376937
348,AG_T34_CopperPLA,27.0278795,28,AG,T34,CopperPLA,y,y,25.92635153,96,-1.10152797,1.10152797
349,AG_T34_ABS,27.18538477,33,AG,T34,ABS,y,y,25.92635153,96,-1.25903324,1.25903324
350,AG_T34_PLA,27.18146638,34,AG,T34,PLA,y,y,25.92635153,96,-1.25511485,1.25511485
352,AG_T35_CopperPLA,26.70458248,16,AG,T35,CopperPLA,y,y,25.92635153,96,-0.77823095,0.77823095
353,AG_T35_ABS,26.81713288,19,AG,T35,ABS,y,y,25.92635153,96,-0.89078135,0.89078135
354,AG_T35_PLA,26.97927371,12,AG,T35,PLA,y,y,25.92635153,96,-1.05292218,1.05292218
356,AG_T36_CopperPLA,25.70194132,22,AG,T36,CopperPLA,y,y,25.28404492,72,-0.4178964,0.4178964
357,AG_T36_ABS,25.94538749,17,AG,T36,ABS,y,y,25.28404492,72,-0.66134257,0.66134257
358,AG_T36_PLA,26.01021577,6,AG,T36,PLA,y,y,25.28404492,72,-0.72617085,0.72617085
360,AG_T37_CopperPLA,24.82375477,18,AG,T37,CopperPLA,y,y,24.60764563,55,-0.21610914,0.21610914
361,AG_T37_ABS,24.8954275,16,AG,T37,ABS,y,y,24.60764563,55,-0.28778187,0.28778187
362,AG_T37_PLA,24.85425186,15,AG,T37,PLA,y,y,24.60764563,55,-0.24660623,0.24660623
364,AG_T38_CopperPLA,24.38116049,12,AG,T38,CopperPLA,y,y,24.0683436,52,-0.31281689,0.31281689
365,AG_T38_ABS,24.2548193,12,AG,T38,ABS,y,y,24.0683436,52,-0.1864757,0.1864757
366,AG_T38_PLA,24.44067212,13,AG,T38,PLA,y,y,24.0683436,52,-0.37232852,0.37232852
368,AC_T39_CopperPLA,26.16509905,19,AC,T39,CopperPLA,y,y,25.52576129,55,-0.63933776,0.63933776
369,AC_T39_ABS,26.20229515,16,AC,T39,ABS,y,y,25.52576129,55,-0.67653386,0.67653386
370,AC_T39_PLA,26.21597524,16,AC,T39,PLA,y,y,25.52576129,55,-0.69021395,0.69021395
372,AG_T40_CopperPLA,26.78896815,18,AG,T40,CopperPLA,y,y,26.95588122,120,0.16691307,0.16691307
373,AG_T40_ABS,26.88614368,17,AG,T40,ABS,y,y,26.95588122,120,0.06973754,0.06973754
374,AG_T40_PLA,26.91529578,16,AG,T40,PLA,y,y,26.95588122,120,0.04058544,0.04058544
376,AG_T41_CopperPLA,27.1986255,15,AG,T41,CopperPLA,y,y,27.10079183,109,-0.09783367,0.09783367
377,AG_T41_ABS,27.20016475,15,AG,T41,ABS,y,y,27.10079183,109,-0.09937292,0.09937292
378,AG_T41_PLA,27.14918542,17,AG,T41,PLA,y,y,27.10079183,109,-0.04839359,0.04839359
380,AC_T42_CopperPLA,26.49404855,15,AC,T42,CopperPLA,y,y,26.54696886,48,0.05292031,0.05292031
381,AC_T42_ABS,27.27659391,13,AC,T42,ABS,y,y,26.54696886,48,-0.72962505,0.72962505
382,AC_T42_PLA,27.04826893,14,AC,T42,PLA,y,y,26.54696886,48,-0.50130007,0.50130007